nurseri,nursery
convers,conversations,conversion,conversation
elvi,elvis
protest,protesting,protested,protests
sleep,slept,sleeps,sleeping
unemploy,unemployment
hate,hated,hates,hating
request,requested,requests,requesting
accus,accusing,accused,accuses,accuse
instructor,instructors
stationeri,stationery
sorri,sorry
albuquerqu,albuquerque
invas,invasion
concret,concrete
buddi,buddy
twenti,twenty
under,underlying
buyer,buyers
spec,specs
merchant,merchants
digit,digital
everi,every
risk,risked,risking,risks
ugli,ugly
rise,rose,rises,rising,risen
voic,voicing,voiced,voice,voices
tenni,tennis
arous,arousing,aroused,arouses,arouse
govern,governing,government,governs,governance,governed,governments
affect,affecting,affects,affected
emili,emily
quantit,quantitative
disturb,disturbing,disturbed,disturbs
prize,prizes
showcas,showcase
upload,uploaded
factori,factory
housewar,housewares
correl,correlation
enquir,enquires,enquire,enquired,enquiring
verif,verification
ricki,ricky
enjoy,enjoys,enjoying,enjoyed
paperback,paperbacks
speci,species
inventori,inventory
direct,directed,direction,directive,directing,directs,directly,directions
budget,budgets
nail,nails
consequ,consequence,consequently,consequences
hors,horses,horse
street,streets
aggreg,aggregate
semest,semester
blue,blues
supervis,supervised,supervises,supervising,supervision,supervise
dialogu,dialogue
mpeg,mpegs
hide,hidden,hid,hides,hiding
asid,aside
lightn,lightning
near,nearly
polyest,polyester
conduct,conducting,conducts,conducted
supplier,suppliers
techniqu,technique,techniques
liberti,liberty
paintbal,paintball
specialist,specialists
elimin,elimination,eliminated,eliminates,eliminating,eliminate
intellectu,intellectual
hero,heroes
abov,above
envelop,envelope
men,mens
lodg,lodge,lodging
voter,voters
multipli,multiply,multiplied,multiplying,multiplies
path,paths
pleasur,pleasure
enrol,enrollment,enrolled
interpret,interpretation,interprets,interpreting,interpreted
daughter,daughters
cindi,cindy
eugen,eugene
auction,auctions
militari,military
anymor,anymore
loos,loose
dri,dry,dries,drying,dried
jame,james
harass,harassment
cradl,cradle
smoke,smoking,smoked,smokes
permit,permitting,permitted,permits
studi,studying,study,studied,studies
jami,jamie
controversi,controversial,controversy
counti,county,counties
imposs,impossible
volunt,volunteers,volunteer
campaign,campaigns,campaigning,campaigned
ground,grounds
tempt,tempted,tempts,tempting
tremend,tremendous
mitchel,mitchell
avenu,avenue
releas,release,released,releasing,releases
attitud,attitude,attitudes
sterl,sterling
enclosur,enclosure
total,totally,totals
unit,units,uniting,united,unites,unite
plot,plots
sleev,sleeve
symphoni,symphony
describ,describes,describe,describing,described
prescript,prescription
bleed,bleeding
edward,edwards
call,called,calls,calling
calm,calming,calmed,calms
recommend,recommended,recommends,recommendation,recommending,recommendations
strike,struck,strikes,striking
preview,previews
type,types,typing
tell,telling,tells,told
worthi,worthy
alphabet,alphabetical
mysteri,mysterious,mystery
relax,relaxed,relaxes,relaxing,relaxation
relat,relate,related,relative,relatives,relation,relations,relates,relating,relatively
disk,disks
award,awards,awarding,awarded
hurt,hurting,hurts
warn,warned,warns,warning,warnings
phone,phones,phoning,phoned
holm,holmes
warm,warmed,warms,warming
adult,adults
holi,holy
loss,losses
yard,yards
hole,holes
herebi,hereby
shoot,shoots,shooting,shot
accid,accident,accidents
join,joined,joins,joining
room,rooms
restor,restore,restoration,restoring,restored,restores
telescop,telescope
pierc,pierce
conceptu,conceptual
wors,worse
root,roots
advocaci,advocacy
pierr,pierre
ciali,cialis
climat,climate
give,giving,given,gives,gave
household,households
centuri,centuries,century
indic,indicator,indicated,indicate,indicates,indication,indices,indicating,indicators
coalit,coalition
liter,literally
unavail,unavailable
want,wants,wanting,wanted
basebal,baseball
attract,attraction,attractions,attracts,attracted,attractive,attracting
bag,bags
illinoi,illinois
end,ended,ends,ending
thing,things
polic,police
cylind,cylinder
travel,travelers,traveller,travels,traveling,traveler,travelling,travelled
acut,acute
classifi,classifieds,classifying,classified,classifies,classify
ceremoni,ceremony
confin,confined,confine,confining,confines
interview,interviews,interviewing,interviewed
verifi,verify,verified
negoti,negotiation,negotiated,negotiate,negotiating,negotiates,negotiations
perspect,perspective,perspectives
collaps,collapsing,collapsed,collapse,collapses
rebat,rebates,rebate
lao,laos
recogn,recognize,recognizing,recognized,recognizes
chines,chinese
ministri,ministries,ministry
substanc,substance,substances
lab,labs
befor,before
teenag,teenage
lay,layed,laying,lays
beauti,beautiful,beauty,beautifully
endang,endangered
law,laws
lesbian,lesbians
demonstr,demonstrates,demonstration,demonstrated,demonstrating,demonstrate
harmoni,harmony
util,utils,utility,utilities,utilize,utilization
principl,principles,principle
attempt,attempted,attempts,attempting
minim,minimize,minimal
spous,spouse
greet,greetings,greets,greeting,greeted
exclud,excludes,excluded,excluding,exclude
receiv,received,receivers,receive,receives,receiver,receiving
maintain,maintained,maintains,maintaining
green,greene
incorpor,incorporate,incorporating,incorporated,incorporates
enter,entered,enters,entering
exclus,exclusive,exclusion,exclusively
fan,fans
order,ordering,ordered,orders
wind,winds,winding,wound
wine,wines
oper,operations,operational,operators,operates,operator,operating,operated,operation,operate
composit,composite,composition
despit,despite
softwar,software
seneg,senegal
fundrais,fundraising
failur,failure,failures
orang,orange
becaus,because
addit,addition,additions,additional,additionally
myrtl,myrtle
privileg,privilege,privileges
incid,incident,incidence,incidents
appar,apparent,apparently
flexibl,flexible,flexibility
vari,varies,vary,varied,varying
tennesse,tennessee
video,videos
gentl,gentle,gently
fit,fits,fitting,fitted,fitness
albani,albany
fix,fixing,fixed,fixes
offic,offices,officers,office,officer
except,exceptions,exception,exceptional
fade,fades,fading,faded
persist,persisting,persists,persisted,persistent
comprehens,comprehensive
descend,descended,descending,descends
anim,animation,animated,animals,anime,animal
therapi,therapy
firewir,firewire
promin,prominent
safe,safely
webshot,webshots
break,broken,breaks,breaking,broke
band,bands
bang,bangs,banging,banged
promis,promises,promise,promised,promising
surgic,surgical
interrupt,interrupts,interrupting,interrupted
one,ones
rental,rentals
bank,banks
scholar,scholars
choic,choices,choice
terrac,terrace
victori,victory
chart,charts
undermin,undermining,undermined,undermines,undermine
accommod,accommodating,accommodations,accommodates,accommodate,accommodated,accommodation
luca,lucas
wage,wages
oblig,obligations,obligation
side,sides
bone,bones
mean,meant,meaning,means
healthcar,healthcare
mediev,medieval
laboratori,laboratory,laboratories
enorm,enormous
vote,votes,voting,voted
logo,logos
commiss,commissioning,commissions,commissioned,commission
hostel,hostels
depress,depression
network,networking,networks
god,gods
newli,newly
content,contents
palac,palace
adapt,adapting,adapts,adapters,adapter,adaptation,adaptive,adapted
reader,readers
monro,monroe
forti,forty
foto,fotos
navig,navigate,navigator,navigation
audienc,audience
nightmar,nightmare
situat,situations,situates,situating,situation,situate,situated
free,frees,freeing,freed
standard,standards
jennif,jennifer
rain,rains,raining,rained
kit,kits
knit,knitted,knitting,knits
christma,christmas
welfar,welfare
sunshin,sunshine
puzzl,puzzles,puzzle
angl,angle
viewpictur,viewpicture
filter,filtering,filters
loui,louis
renew,renews,renewing,renewed,renewable,renewal
unabl,unable
isl,isle
regress,regression
subtl,subtle
confus,confusion,confuses,confuse,confused,confusing
stripe,stripes
fantasi,fantasy
rang,ranges,range,ranging,ranged
render,rendering,rendered,renders
enterpris,enterprises,enterprise
grade,grades
clariti,clarity
wast,wasting,wasted,waste,wastes
rank,ranks,rankings,ranked,ranking
necess,necessity
restrict,restricted,restricts,restricting,restrictions,restriction
wash,washed,washes,washing
instruct,instructional,instruction,instructed,instructs,instructing,instructions
naughti,naughty
comic,comics
agre,agreeing,agreed,agrees,agree
fantast,fantastic
primari,primary
cumshot,cumshots
adwar,adware
toy,toys
nomin,nominations,nomination,nominated
top,topping,tops,topped
deutsch,deutsche
sometim,sometimes
mercuri,mercury
timothi,timothy
shiver,shivered,shivers,shivering
ton,tons
cassett,cassette
euro,euros
hundr,hundred,hundreds
listen,listening,listened,listens
murder,murdered,murders,murdering
consol,consoles,console
circl,circles,circle
namespac,namespace
tool,tools
legislatur,legislature
incur,incurring,incurred,incurs
conserv,conservation,conservative
crawl,crawled,crawls,crawling
technic,technical
symptom,symptoms
machineri,machinery
silli,silly
target,targeted,targeting,targets
keyword,keywords
practition,practitioner,practitioners
provid,provided,providers,provide,providence,provides,provider,providing
hike,hiking
tree,trees
biolog,biological,biology
project,projecting,projected,projects,projection
matter,mattering,matters,mattered
anxieti,anxiety
minut,minutes,minute
delici,delicious
beginn,beginners,beginner
provis,provision,provisions
latitud,latitude
entail,entailed,entailing,entails
mind,minded,minds,minding
dildo,dildos
rat,rats
seed,seeds
miniatur,miniature
infring,infringement
seem,seems,seeming,seemed
seek,sought,seeks,seeking
seminar,seminars
dozen,dozens
strength,strengths
recreat,recreation,recreational
that,thats
techrepubl,techrepublic
thorough,thoroughly
client,clients
travi,travis
transmit,transmitting,transmits,transmitted
rider,riders
anatomi,anatomy
even,evening
amplifi,amplifier
forestri,forestry
germani,germany
withdraw,withdraws,withdrawing,withdrew,withdrawn,withdrawal
lion,lions
usernam,username
object,objective,objecting,objects,objectives,objected
what,whats
marin,marine
volleybal,volleyball
regular,regularly
addict,addiction
letter,letters
phase,phases
insul,insulation
coin,coins
everyth,everything
tradit,traditional,traditions,tradition
webcam,webcams
excus,excuses,excusing,excused,excuse
maritim,maritime
doc,docs
camp,camps,camping
metal,metals,metallic
dog,dogs
hospit,hospitality,hospital,hospitals
declar,declare,declared,declaration,declaring,declares
medicar,medicare
carolin,caroline
logist,logistics
freewar,freeware
scream,screamed,screaming,screams
treati,treaty
opposit,opposition,opposite
queen,queens
advisori,advisory
radio,radios
academi,academy
radic,radical
protocol,protocols
environ,environment,environments
involv,involve,involved,involving,involvement,involves
absolut,absolutely,absolute
milfhunt,milfhunter
acquir,acquired,acquire,acquiring,acquires
pledg,pledge
explain,explaining,explained,explains
configur,configured,configuration,configure,configuring,configurations
apach,apache
restaur,restaurant,restaurants
gregori,gregory
theme,themes
busi,busy,businesses,business
stephani,stephanie
tropic,tropical
folder,folders
florenc,florence
buse,buses
do,doesn't,don't,doing,didn't,did,does,done
nasti,nasty
likewis,likewise
stop,stopping,stopped,stops
compli,complying,complied,complies,comply
ceil,ceiling
pocket,pockets
prostor,prostores
spirit,spirits
report,reported,reporters,reporting,reports,reporter
reconstruct,reconstruction
malpractic,malpractice
earn,earnings,earns,earning,earned
bar,bars
diabet,diabetes
vietnames,vietnamese
sacrific,sacrifice
public,publicity,publications,publicly,publication
sauc,sauce
indigen,indigenous
bad,badly
troop,troops
gaug,gauge
movement,movements
steal,stolen,stole,steals,stealing
respond,respondents,responding,respondent,responded,responds
telecharg,telecharger
vampir,vampire
human,humans,humanity,humanities
fair,fairly
ongo,ongoing
nut,nuts
resist,resistant,resisted,resisting,resistance,resists
mandatori,mandatory
result,resulted,resulting,results
fragranc,fragrances,fragrance
respons,responsibilities,responsible,responsibility,response,responses
fail,failed,fails,failing
christian,christians,christianity
simpl,simple
subject,subjective,subjecting,subjects,subjected
expertis,expertise
awar,awareness,aware
databas,databases,database
sail,sailed,sails,sailing
daisi,daisy
figur,figuring,figured,figures,figure
regga,reggae
outstand,outstanding
finger,fingering,fingers
aquat,aquatic
approach,approaches,approached,approaching
attribut,attribute,attributing,attributed,attributes
warrior,warriors
accord,accordingly,according,accordance
extend,extending,extended,extends
ralli,rally
lover,lovers
vitamin,vitamins
tragedi,tragedy
extens,extensive,extensions,extension
lazi,lazy
wear,wearing,wears,worn,wore
recent,recently
activist,activists
toler,tolerance
advertis,advertises,advertiser,advertisements,advertising,advertisement,advertised,advertisers,advertise
protect,protecting,protective,protected,protects,protection
acoust,acoustic
expos,exposes,expose,exposing,exposed
ill,illness
myer,myers
wholesal,wholesale
steer,steering
logic,logical
countri,country,countries
uncertainti,uncertainty
con,cons
compromis,compromise
assur,assures,assuring,assurance,assured,assure
widen,widened,widens,widening
spear,spears
toni,tony
excess,excessive
height,heights
conspiraci,conspiracy
shortcut,shortcuts
dougla,douglas
diff,diffs
trust,trusting,trusted,trusts
assum,assume,assumed,assumes,assuming
speak,spoken,speaks,spoke,speaking
liabil,liability,liabilities
bathroom,bathrooms
reveng,revenge
union,unions
patch,patches
erect,erects,erecting,erected
legend,legends
revenu,revenues,revenue
unsubscrib,unsubscribe
interest,interests,interesting,interested
basic,basics,basically
hesit,hesitate,hesitated,hesitating,hesitates
regul,regulates,regulations,regulation,regulated,regulating,regulate
suppress,suppressed,suppresses,suppressing
dismiss,dismisses,dismissing,dismissed
worker,workers
wish,wishing,wishes,wished
lift,lifted,lifts,lifting
taxat,taxation
cherri,cherry
catch,catches,catching,caught
dosag,dosage
spin,spun,spinning,spins
bookstor,bookstore
davi,davis
pipelin,pipeline
physician,physicians
inhibit,inhibiting,inhibited,inhibits
ident,identical,identity
tank,tanks
forum,forums
servic,services,service
properti,property,properties
gasolin,gasoline
commerci,commercial
intak,intake
employ,employing,employers,employs,employed,employer,employment
calcul,calculate,calculating,calculation,calculated,calculates,calculations,calculators,calculator
marriag,marriage
hopkin,hopkins
occas,occasions,occasion
aid,aided,aiding,aids
connector,connectors
garag,garage
printabl,printable
ip,ips
sticker,stickers
ir,irs
it,its
jess,jesse
frontpag,frontpage
brake,brakes
in,ined,ining,ins
vendor,vendors
exot,exotic
id,ids
disappear,disappears,disappearing,disappeared
precis,precise,precisely,precision
belli,belly
credit,credits
perform,performer,performances,performing,performed,performs,performance
suggest,suggested,suggests,suggesting,suggestions,suggestion
make,making,made,makes
transpar,transparent,transparency
bunni,bunny
learner,learners
split,splits,splitting
jungl,jungle
costum,costume,costumes
jerri,jerry
overal,overall
complet,completion,complete,completing,completes,completely,completed
wheel,wheels
elli,ellis
evid,evident,evidence
hang,hung,hangs,hanging
pubm,pubmed
hand,handing,handed,hands
bibliograph,bibliographic
rais,raised,raise,raising,raises
hygien,hygiene
refin,refinance,refined,refine
tune,tunes,tuning
kid,kids
qualif,qualifications,qualification
scenario,scenarios
messeng,messenger
hypothet,hypothetical
inherit,inherits,inheriting,inherited
contact,contacting,contacted,contacts
thi,thy
mother,mothers
programm,programmers,programmer,programmes,programme
jean,jeans
bacteri,bacterial
moreov,moreover
legisl,legislative,legislation
trainer,trainers
identifi,identifies,identifier,identify,identified,identifying
charlott,charlotte
photo,photos
laptop,laptops
ordin,ordinance
partner,partners
victim,victims
languag,languages,language
previous,previously
adelaid,adelaide
easi,easy
interfer,interfering,interference,interferes,interfered,interfere
thick,thickness
character,characterizes,characterization,characterizing,characterized,characterize
satellit,satellite
barbado,barbados
hay,hayes
shout,shouts,shouting,shouted
spread,spreading,spreads
board,boards
prison,prisoner,prisoners
els,else
supervisor,supervisors
save,saved,savings,saves,saving
hat,hats
pharmaci,pharmacies,pharmacy
opt,opting,opted,opts
applic,applications,applicants,applicant,applicable,application
newspap,newspaper,newspapers
mayb,maybe
preserv,preserve,preserves,preserving,preserved,preservation
disposit,disposition
mileag,mileage
arab,arabic
leagu,league
eboni,ebony
background,backgrounds
shadow,shadows
athlet,athletic,athletics,athletes
apart,apartment,apartments
measur,measuring,measurements,measures,measure,measurement,measured
specif,specifications,specific,specifics,specification,specifically
gift,gifts
alpin,alpine
hunt,hunted,hunts,hunting
negat,negative
graviti,gravity
remind,reminding,reminds,reminder,reminded
confid,confident,confidence
bobbi,bobby
montgomeri,montgomery
unnecessari,unnecessary
oxid,oxide
right,rights
deal,deals,dealing,dealt
cuisin,cuisine
manual,manuals,manually
interv,intervals,interval
disord,disorder,disorders
textur,texture
dead,deadly
rehabilit,rehabilitation
born,borns,borning,borned
intern,international,internal,internationally
printer,printers
heritag,heritage
bore,boring,bored
earthquak,earthquake
creep,creeps,crept,creeping
transmiss,transmission
cooper,cooperative,cooperation
implement,implements,implementing,implemented,implementation
preliminari,preliminary
eleph,elephant
overcom,overcomes,overcame,overcoming,overcome
convict,convicting,convicts,conviction,convicted
traci,tracy
creatur,creatures,creature
conced,concedes,conceding,concede,conceded
salli,sally
pose,posing,poses,posed
buri,buries,bury,buried,burying
confer,conference,conferred,confers,conferences,conferring
burk,burke
whi,why
discount,discounts,discounted
corp,corps
promot,promotions,promotional,promotes,promoting,promoted,promotion,promote
repositori,repository
peer,peered,peers,peering
acryl,acrylic
post,posts,postings,posting,posted
chapter,chapters
alexand,alexander
conceal,concealing,concealed,conceals
literatur,literature
surround,surrounds,surrounding,surrounded
simul,simulations,simulation
festiv,festival,festivals
roommat,roommate,roommates
jew,jews
commit,commits,commitment,committing,commitments,committed
anthropolog,anthropology
marshal,marshall
champagn,champagne
mile,miles
telephon,telephoned,telephone,telephoning,telephones
wallac,wallace
civil,civilization
tackl,tackle,tackled,tackles,tackling
bounc,bouncing,bounced,bounces,bounce
float,floating,floated,floats
profession,professionals,professional
bound,binds,binding
appropri,appropriate,appropriations
creativ,creativity,creative
bizarr,bizarre
netscap,netscape
wrap,wrapped,wraps,wrapping
opportun,opportunity,opportunities
storag,storage
microwav,microwave
fabric,fabrics
suffici,sufficiently,sufficient
transcript,transcription,transcripts
support,supporting,supported,supports,supporters
closur,closure
transform,transforming,transformed,transforms,transformation
happi,happiness,happy
avail,available,availability
reli,relies,rely,relying,relied
seeker,seekers
editor,editors
way,ways
acknowledg,acknowledging,acknowledges,acknowledged,acknowledge
music,musical
expansi,expansys
synthesi,synthesis
war,wars
asset,assets
analysi,analysis
head,heads,heading,headed
form,forms,forming,formed
offer,offerings,offered,offers,offering
forc,forced,forcing,force,forces
forb,forbes
heal,healing
armi,army
forg,forge
surveil,surveillance
maxim,maximize
cottag,cottage,cottages
heat,het,heats,heating,heated
hear,heard,hearings,hears,hearing
percentag,percentage
refriger,refrigerator
analyst,analysts
counsel,counseling
pragu,prague
revel,revelation
inquir,inquire
daddi,daddy
bargain,bargains
transexu,transexual
intermedi,intermediate
dens,dense
absenc,absence
fundament,fundamentals,fundamental
resel,reseller
emir,emirates
retir,retiring,retires,retire,retired,retirement
classif,classification
featur,featured,featuring,features,feature
classic,classics,classical
petit,petition,petite
abstract,abstracts
tournament,tournaments
diagnosi,diagnosis
textbook,textbooks
sale,sales
diagnost,diagnostic
exist,existed,existence,exists,existing
glanc,glances,glance,glancing,glanced
prayer,prayers
necessarili,necessarily
door,doors
ship,shipped,ships,shipping
quantiti,quantities,quantity
check,checking,checked,checks
sticki,sticky
assembl,assemble,assembles,assembling,assembly,assembled
pipe,pipes
encrypt,encryption
poster,posters
floor,floors,flooring
interst,interstate
holli,holly
nationwid,nationwide
tip,tipping,tips,tipped
actor,actors
flood,flooded,floods,flooding
leed,leeds
role,roles
communic,communicating,communication,communicates,communicate,communications,communicated
jone,jones
test,tested,tests,testing
tie,ties,tying,tied
presum,presumes,presuming,presume,presumed
smell,smelled,smelt,smells,smelling
roll,rolled,rolling,rolls
realiti,reality
node,nodes
billi,billy
matur,mature
notif,notifications,notification
intend,intends,intended,intending
benefici,beneficial
devot,devoted,devotes,devoting,devote
hormon,hormone
intens,intensive,intensity,intense
queri,query,queries
notic,notices,notice,noticing,noticed
consid,considering,considered,consider,considers
occasion,occasional,occasionally
minneapoli,minneapolis
nashvill,nashville
weekend,weekends
subdivis,subdivision
femal,females,female
furthermor,furthermore
glass,glasses
anywher,anywhere
jacket,jackets
rough,roughly
ignor,ignore,ignored,ignores,ignoring
inexpens,inexpensive
time,timed,timing,timely,times
push,pushed,pushing,pushes
serious,seriously
daili,daily
recipi,recipient,recipients
concept,concepts
chain,chains
celebr,celebrity,celebrated,celebrities,celebrating,celebrates,celebrate,celebration
focus,focussed,focusing,focuses,focussing,focused
invent,inventing,invention,invented,invents
milf,milfs
signific,significantly,significant,significance
supplement,supplemented,supplements,supplementing,supplemental
skin,skins
mill,mills
row,rows
decid,deciding,decided,decides,decide
hold,holdings,held,holds,holding
depend,dependent,depends,dependence,depended,depending
zone,zones,zoning
recognit,recognition
graph,graphs
flash,flashes,flashing,flashed
father,fathers
pen,pens
environment,environmental
decis,decision,decisions
editori,editorials,editorial
terror,terrorism
sociolog,sociology
sourc,sources,source
string,strings
minist,minister,ministers
enquiri,enquiry,enquiries
embark,embarks,embarking,embarked
condit,conditional,conditions,conditioning,condition
cook,cooked,cooks,cooking
dodg,dodge
brows,browse,browsing
cool,cooling,cooled,cools
valuabl,valuable
administr,administrators,administration,administrator,administrative
level,levels
tear,tore,tearing,tears,torn
die,dies,died,dying
dig,dug,digging,digs
democrat,democratic,democrats
fuzzi,fuzzy
prairi,prairie
magnet,magnetic
item,items
anniversari,anniversary
respiratori,respiratory
team,teams
cooki,cookies,cookie
guy,guys
dip,dipping,dips,dipped
round,rounding,rounded,rounds
cloudi,cloudy
shave,shaved
prevent,prevented,prevents,preventing,prevention
work,worked,works,working
regret,regretting,regretted,regrets
trend,trends
sigh,sighing,sighed,sighs
compens,compensating,compensates,compensate,compensated,compensation
sign,signing,signed,signs
bondag,bondage
cost,costs,costing
alfr,alfred
patient,patients
bake,baking
port,ports
precipit,precipitation
appear,appeared,appearance,appearing,appears
currenc,currency,currencies
repli,replied,reply,replying,replies
favour,favoured,favouring,favours
melt,melts,melting,melted,molten
cathol,catholic
current,currently
paragraph,paragraphs
suspect,suspected,suspects,suspecting
interraci,interracial
territori,territories,territory
appeal,appealing,appeals,appealed
boost,boosted,boosts,boosting
burn,burns,burnt,burning
portabl,portable
deriv,deriving,derive,derived,derives
longitud,longitude
honour,honouring,honours,honoured
muslim,muslims
genet,genetic,genetics
onli,only
agreement,agreements
satisfi,satisfy,satisfies,satisfying,satisfied
entertain,entertaining,entertainment,entertained,entertains
juri,jury
address,addrest,addressed,addressing,addresses
drainag,drainage
coincid,coinciding,coincide,coincided,coincides
teacher,teachers
wait,waiting,waited,waits
box,boxes,boxing,boxed
buck,bucks
upskirt,upskirts
boast,boasts,boasting,boasted
invit,invite,inviting,invited,invitations,invitation,invites
shift,shifted,shifts,shifting
worldwid,worldwide
bow,bowed,bows,bowing
trial,trials
behav,behaving,behaves,behaved,behave
thirti,thirty
healthi,healthy
colleg,colleges,college
guilti,guilty
ourselv,ourselves
ceram,ceramic
elect,election,elected,elections,elects,electing
extra,extras
modul,modules,module
prefer,preferences,prefers,preferring,preferred,preference
anni,annie
seattl,seattle
visibl,visible,visibility
marker,markers
instal,installation,installations,instals,installing,installed,install
mobil,mobile,mobiles,mobility
market,marketing,marketed,markets
bloodi,bloody
spywar,spyware
henri,henry
andi,andy
projector,projectors
prove,proving,proves,proved,proven
calgari,calgary
univers,universities,universe,university,universal
visit,visited,visits,visiting
disappoint,disappointed
panason,panasonic
everybodi,everybody
live,living,lived,lives
loung,lounge
elector,electoral
tape,tapes
angri,angry
suicid,suicide
capit,capital
realti,realty
afford,affordable,afforded,affording,affords
peopl,peoples,people
claus,clause
cashier,cashiers
finit,finite
enhanc,enhances,enhancements,enhancing,enhancement,enhanced,enhance
drown,drowning,drowned,drowns
kerri,kerry
templat,templates,template
examin,examining,examinations,examines,examine,examined,examination
ventur,ventures,venture
effort,efforts
religi,religious
impair,impaired
judi,judy
graphic,graphical,graphics
car,cars
prepar,prepares,preparation,preparing,prepare,prepared
pretend,pretending,pretended,pretends
judg,judge,judges,judged,judging
uniqu,unique
cat,cats
fli,fly,flies,flying,flown,flew
vega,vegas
can,could,can't,couldn't
cam,cams
franc,france
purpos,purposes,purpose
claim,claimed,claims,claiming
complimentari,complimentary
genesi,genesis
stream,streaming,streams
predict,predicting,predictions,predicted,predicts,prediction
reynold,reynolds
fuck,fucking,fucked,fucks
agent,agents
topic,topics
spi,spy,spies
critic,criticism,criticize,criticizes,critics,criticized,critical,criticizing
abort,abortion
immunolog,immunology
council,councils
phrase,phrases
recycl,recycling
chemic,chemical,chemicals
contamin,contamination
occur,occurring,occurred,occurs
clair,claire
occup,occupational,occupation,occupations
purs,purse
conflict,conflicts
differenti,differentiated,differential,differentiate,differentiating,differentiates
multipl,multiple
unsign,unsigned
sudden,suddenly
revolut,revolution
economi,economies,economy
write,writes,writings,written,wrote,writing
alway,always
anyon,anyone
tile,tiles
deviat,deviation
map,maps,mapping
product,products,production,productions,productive,productivity
mar,mars
mat,mats
superintend,superintendent
dive,diving
spot,spotted,spotcheck,spotting,spots
levi,levy
lancast,lancaster
laundri,laundry
passeng,passenger,passengers
date,dates,dating,dated
suck,sucks,sucking,sucked
secondari,secondary
grow,grown,growing,grew,grows
accessori,accessories,accessory
stress,stresses,stressing,stressed
practic,practical,practice,practices
conscious,consciousness
divid,divided,divide,dividing,divides
explicit,explicitly
offens,offense,offensive
tale,tales
inform,information,informative,informal,informed,informing,informs,informational
switch,switches,switching,switched
preced,precede,preceded,preceding,precedes
combin,combines,combination,combine,combined,combining,combinations
deposit,deposited,depositing,deposits
basket,baskets
battl,battle
riversid,riverside
ordinari,ordinary
talk,talks,talking,talked
vike,viking
fairi,fairy
anticip,anticipates,anticipate,anticipating,anticipated
gradual,gradually
approv,approval,approves,approve,approved,approving
graduat,graduated,graduates,graduation,graduate
lyric,lyrics
shake,shakes,shaking,shaken,shook
equip,equipment,equips,equipping,equipped
entitl,entitles,entitling,entitle,entitled
dynam,dynamics,dynamic
entiti,entities,entity
ethic,ethical,ethics
reinforc,reinforces,reinforce,reinforcing,reinforced
group,groups
monitor,monitored,monitoring,monitors
polici,policy,policies
passag,passage
platform,platforms
window,windows
farmer,farmers
mail,mailed,mails,mailing
main,mainly,maine
basenam,basename
recoveri,recovery
ejacul,ejaculation
recal,recalling,recall,recalled,recalls
halt,halted,halting,halts
fling,flings,flung,flinging
nod,nodded,nodding,nods
financi,financial
automobil,automobiles,automobile
initi,initiatives,initiated,initiate,initially,initial,initiates,initiative,initiating
nation,national,nationally,nations
answer,answered,answering,answers
therebi,thereby
gate,gates
bath,baths
discuss,discussions,discussing,discussion,discusses,discussed
possess,possession,possessing,possessed,possesses
term,terms,terming,termed
voltag,voltage
name,named,names,naming,namely
lewi,lewis
clutch,clutching,clutches,clutched
drop,dropping,dropped,drops
oliv,olive,oliver
separ,separated,separate,separately,separation,separates,separating
magazin,magazine,magazines
jimmi,jimmy
massachusett,massachusetts
rock,rocks
januari,january
updat,updated,update,updating,updates
courag,courage
compil,compiled,compilation,compile,compiling,compiles,compiler
eo,eos
citat,citations,citation
replac,replacing,replacement,replaces,replaced,replace
individu,individually,individuals,individual
continu,continuity,continues,continuous,continuing,continually,continue,continuously,continued
dramat,dramatic,dramatically
contributor,contributors
busti,busty
sponsor,sponsored,sponsoring,sponsors
dealtim,dealtime
distributor,distributors
happen,happens,happening,happened
dispos,disposal,disposes,dispose,disposed,disposing
starsmerch,starsmerchant
baselin,baseline
album,albums
accomplish,accomplished
absorpt,absorption
referenc,referenced
space,spaces
profit,profits
infrar,infrared
inquiri,inquiry,inquiries
profil,profile,profiles
johnni,johnny
soul,souls
uncl,uncle
bless,blessed
sensor,sensors
correct,correction,corrected,corrects,correctly,corrections,correcting
gram,grams
romanc,romance
novelti,novelty
monster,monsters
thong,thongs
migrat,migration
domest,domestic
million,millions
carv,carve,carves,carven,carved,carving
argu,arguing,argued,argue,argues
headlin,headline,headlines
theori,theory,theories
romant,romantic
triangl,triangle
byte,bytes
maldiv,maldives
card,cards
care,caring,cared,careful,carefully,cares
chevi,chevy
funki,funky
departur,departure
prescrib,prescribed,prescribing,prescribe,prescribes
frequenc,frequencies,frequency
syndic,syndication,syndicate
refus,refuses,refuse,refusing,refused
recov,recover,recovered,recovering,recovers
turn,turns,turned,turning
place,placed,placing,places
swing,swings,swung,swinging
router,routers
profess,profession
nicknam,nickname
neglect,neglecting,neglected,neglects
frequent,frequently
geolog,geological,geology
origin,originating,origins,originated,originally,originate,original,originates
suspend,suspended,suspending,suspends
oppon,opponent,opponents
carri,carry,carries,carrying,carried
chubbi,chubby
untitl,untitled
beverag,beverage,beverages
acdbent,acdbentity
acquisit,acquisitions,acquisition
suspens,suspension
submit,submits,submitting,submitted
undergradu,undergraduate
oppos,opposes,opposing,oppose,opposed
ring,rings,ringing,rung
fight,fought,fights,fighting
open,openings,opened,opens,opening
size,sized,sizes
brochur,brochure,brochures
sheet,sheets
capac,capacity
convent,conventional,convention,conventions
gamecub,gamecube
bookmark,bookmarks
bite,bitten,biting,bited,bites
breed,breeding,bred,breeds
plastic,plastics
defer,deferred
citi,city,cities
silenc,silence
cumul,cumulative
draft,banking,banked,drafts
averag,average
escort,escorts
proposit,proposition
conveni,convenient,convenience
melbourn,melbourne
cite,cited,citing,cites
friend,friends,friendly
knowledg,knowledge
cope,coping,coped,copes
provinc,province,provinces
season,seasonal,seasons
copi,copied,copy,copies,copying
specifi,specifies,specifying,specify,specified
eagl,eagle,eagles
broadcast,broadcasting
biotechnolog,biotechnology
enclos,encloses,enclose,enclosed,enclosing
butt,butts
floppi,floppy
domin,dominant,dominated,dominates,dominating,dominate
holder,holders
serv,served,serving,serve,serves
wide,widely
orgi,orgy
cornel,cornell
recruit,recruited,recruiting,recruits,recruitment
section,sections
balanc,balanced,balance,balancing,balances
coat,coated,coating
posit,positioned,position,positioning,positive,positions
worcest,worcester
seri,series
prospect,prospective,prospects
mountain,mountains
michell,michelle
san,sans
angel,angeles,angels
ann,anne
premier,premiere
argument,arguments
alleg,alleges,alleging,allege,alleged
say,saying,said,says
slam,slamming,slams,slammed
rent,renting,rented,rents
deliv,delivered,delivers,deliver,delivering
portrait,portraits
coach,coaches,coaching
engin,engine,engineering,engineers,engines,engineer
squar,square
advic,advice
notr,notre
veteran,veterans
note,notes,noting,noted
emphasis,emphasises,emphasise,emphasising,emphasised
danni,danny
take,taken,taking,takes,took
advis,advises,advise,advising,advised
subsidiari,subsidiary,subsidiaries
destroy,destroying,destroys,destroyed
wonder,wonderful,wondering,wondered,wonders
lick,licking
noth,nothing
channel,channels
surf,surfing
surg,surge
begin,begins,began,beginning,begun
sure,surely
pain,painful
reloc,relocation
trace,tracing,traced,traces
normal,normally
track,tracks,tracking,tracked
price,prices,pricing,priced
ensembl,ensemble
compress,compression,compressed
butterfli,butterfly
abus,abusing,abused,abuse,abuses
sunglass,sunglasses
greec,greece
pair,pairs
america,americas
homepag,homepage
icon,icons
rescu,rescued,rescue,rescuing,rescues
egg,eggs
adopt,adopting,adoption,adopted,adopts
drive,driven,drove,drives,driving
wing,wings
badg,badge
meanwhil,meanwhile
runtim,runtime
link,linked,links,linking
senior,seniors
axi,axis
steadi,steady
hungri,hungry
shop,shopped,shops,shopping
shot,shots
show,shown,showing,showed,shows
cheat,cheats
geographi,geography
shoe,shoes
permiss,permissions,permission
corner,corners
forecast,forecasts
contemporari,contemporary
rotat,rotation
slot,slots
itun,itunes
slow,slowed,slows,slowing
ratio,ratios
fenc,fence
treasuri,treasury
transact,transaction,transactions
dick,dicks,dicke
activ,activities,activate,activation,activated,actively,activity,active,activates,activating
innoc,innocent
crime,crimes
wood,woods
black,blacks
analyz,analyzed,analyze,analyzes
analyt,analytical
analys,analyses,analyse,analysed,analysing
offici,officials,official,officially
voluntari,voluntary
get,gotten,gets,got,getting
nobl,noble
aim,aiming,aimed,aims
outlet,outlets
joyc,joyce
requir,requirement,requirements,requiring,require,required,requires
truli,truly
reveal,revealing,reveals,revealed
artist,artistic,artists
headphon,headphones
borrow,borrowed,borrowing,borrows
yield,yields,yielding,yielded
email,emails
twelv,twelve
roger,rogers
limousin,limousines
telecommun,telecommunications
summari,summaries,summary
lafayett,lafayette
lectur,lectures,lecture
concert,concerts
burst,bursts,bursting
surgeri,surgery
questionnair,questionnaire
hepat,hepatitis
sublimedirectori,sublimedirectory
seat,seating,seats
hierarchi,hierarchy
deadlin,deadline
seal,sealing,sealed,seals
reserv,reserved,reservations,reserves,reserving,reservation,reserve
calendar,calendars
sport,sporting,sports
findarticl,findarticles
concern,concerning,concerns,concerned
infinit,infinite
planet,planets
detect,detective,detection,detected,detects,detecting
televis,televisions,television
innov,innovations,innovation,innovative
review,reviews,reviewer,reviewing,reviewed
label,labeled,labels,labelled,labelling
estat,estates,estate
wayn,wayne
import,imported,importance,imports,important,importantly,importing
islam,islamic
assumpt,assumption,assumptions
parent,parenting,parents,parental
screen,screens,screening
blame,blames,blamed,blaming
cycl,cycles,cycling,cycle
spare,spared,sparing,spares
come,comes,came,coming
guitar,guitars
christin,christine
tuck,tucking,tucked,tucks
region,regions,regional
beliz,belize
contract,contracts,contracting,contracted
nearbi,nearby
tour,tours,touring,toured
tutori,tutorials,tutorial
rugbi,rugby
improv,improvements,improved,improvement,improves,improving,improve
emiss,emission,emissions
curv,curve,curves
key,keys
color,colors,colored
camcord,camcorder,camcorders
inspir,inspired,inspiring,inspiration,inspire,inspires
period,periodic,periodically,periods
pop,pops,popped,popping
roulett,roulette
exploit,exploiting,exploited,exploits
jeremi,jeremy
alli,allied
cancel,cancelling,cancelled,cancellation,cancels
typic,typically,typical
poll,polls
coloni,colonial,colony
boat,boats,boating
damag,damaged,damage,damaging,damages
ultim,ultimately,ultimate
coupl,couples,couple,coupling,coupled
stretch,stretches,stretching,stretched
rebuild,rebuilding,rebuilt,rebuilds
mari,marie,mary
venic,venice
mark,marking,marked,marks
breath,breathe,breathed,breathing,breathes
workshop,workshops
diseas,disease,diseases
teddi,teddy
barri,barry
certifi,certified
reaction,reactions
emphas,emphasized,emphasizes,emphasizing,emphasize
thousand,thousands
resolut,resolutions,resolution
rubi,ruby
andrew,andrews
tiger,tigers
wake,woke,woken,wakes,waking
aviat,aviation
drum,drums
andrea,andreas
former,formerly
berri,berry
sound,sounds,sounding,sounded
thesi,thesis
amend,amendment,amends,amending,amended,amendments
mount,mounts,mounting,mounted
imperi,imperial
trick,tricks
cast,casts,casting
outcom,outcome,outcomes
empir,empire,empirical
cock,cocks
telephoni,telephony
anytim,anytime
advantag,advantages,advantage
hypothesi,hypothesis
henc,hence
convinc,convinced,convinces,convincing,convince
worri,worries,worrying,worry,worried
destin,destination,destinations
strain,straining,strains,strained
good,goods
warehous,warehouse
bestial,bestiality
protein,proteins
pursu,pursue,pursued,pursues,pursuing
indianapoli,indianapolis
develop,development,developing,developed,develops,developers,developments,developer
author,authorities,authority,authorized,authorization,authors
pay,paying,payed,pays
medic,medical,medication,medications
bowl,bowling
mont,monte
trip,trips
binari,binary
columnist,columnists
pad,pads
ecolog,ecological,ecology
document,documented,documents,documentation
medit,meditation
gadget,gadgets
week,weeks,weekly
exhaust,exhausted,exhausts,exhausting
statutori,statutory
finish,finishing,finished,finishes
screenshot,screenshots
statut,statutes,statute
nest,nested
confidenti,confidentiality,confidential
driver,drivers
someon,someone
middl,middle
capabl,capability,capabilities,capable
fruit,fruits
mani,many
extern,external
cartoon,cartoons
ukrain,ukraine
drain,draining,drained,drains
theater,theaters
reliev,relieved,relieve,relieving,relieves
cambridg,cambridge
charger,chargers
denni,dennis
commission,commissioner,commissioners
justifi,justifying,justify,justifies,justified
tit,tits
model,models,modeling,modelling
reward,rewarding,rewards,rewarded
vacanc,vacancies
dimension,dimensional
scholarship,scholarships
venu,venue,venues
outdoor,outdoors
powersel,powerseller
execut,execute,executed,executive,executing,executes,execution,executives
excel,excellence,excellent
rest,rests,resting,rested
custodi,custody
kill,killed,kills,killing
aspect,aspects
touch,touches,touching,touched
polish,polished
speed,speeded,speeds,speeding
blow,blew,blowing,blows,blown
death,deaths
europ,europe
miscellan,miscellaneous
hint,hints
rose,roses
refurbish,refurbished
littl,little
desktop,desktops
lender,lenders
instrument,instrumental,instruments,instrumentation
treatment,treatments
exercis,exercises,exercising,exercise,exercised
vulner,vulnerability,vulnerable
pill,pills
grip,grips,gripping,gript
frown,frowning,frowned,frowns
oop,oops
read,reads,reading,readings
ladi,ladies,lady
disciplinari,disciplinary
dark,darkness
regim,regime
temperatur,temperatures,temperature
insist,insisting,insisted,insists
mom,moms
world,worlds
transsexu,transsexual
dare,dares,daring,daren't,dared
mod,mods
meaning,meaningful
duti,duty,duties
blackberri,blackberry
postcard,postcards
bracelet,bracelets
twin,twins
integ,integer
server,servers
chamber,chambers
benefit,benefiting,benefited,benefits
kennedi,kennedy
output,outputs
tower,towers
manag,management,managers,managing,manage,manager,manages,managed
fulfil,fulfilling,fulfilled,fulfils
cabl,cables,cable
sharehold,shareholders
cornwal,cornwall
titan,titans
juli,julie,july
legitim,legitimate
hydraul,hydraulic
satisfactori,satisfactory
adequ,adequate
jewelleri,jewellery
collector,collectors
constitut,constituted,constitution,constitutional,constituting,constitute,constitutes
epinion,epinions
freez,frozen,freezes,freezing,froze,freeze
chronicl,chronicles,chronicle
confirm,confirmation,confirmed,confirms,confirming
characteris,characterising,characterise,characterised,characterises
definit,definitions,definitely,definition
pantyhos,pantyhose
evolv,evolve,evolving,evolved,evolves
poli,poly
missil,missile
econom,economic,economics
squirt,squirting
complic,complications,complicated
refer,refers,references,referring,reference,referred
immun,immune
compris,comprises,comprising,comprise,comprised
power,powerful,powers,powered
quit,quite
garbag,garbage
inspect,inspections,inspection,inspecting,inspected,inspects
broker,brokers
fulli,fully
wyom,wyoming
referr,referrals,referral
throw,thrown,throwing,throws,threw
comparison,comparisons
stone,stones
patent,patents
testimoni,testimonials,testimony
island,islands
craft,crafts
antibodi,antibodies,antibody
drag,dragging,drags,dragged
meal,meals
acr,acres,acre
degre,degrees,degree
arthriti,arthritis
stand,standing,standings,stood,stands
neighbor,neighbors
act,acted,acts,acting
evan,evans
industri,industries,industry,industrial
bond,bonds
allianc,alliance
road,roads
accredit,accredited,accreditation
tribe,tribes
effici,efficient,efficiency,efficiently
anybodi,anybody
prohibit,prohibited
elementari,elementary
terminolog,terminology
surviv,survives,survival,survived,surviving,survive
earring,earrings
odd,odds
cent,cents
strip,stripped,strips,stripping
nurs,nurses,nurse,nursing
airlin,airlines,airline
your,yours
charli,charlie
stare,stares,stared,staring
complianc,compliance
area,areas
transexual,transexuales
start,started,starts,starting
fascin,fascinating
fisheri,fisheries
interfac,interface,interfaces
low,lows
lot,lots
resum,resumed,resumes,resuming,resume
submiss,submissions,submission
premis,premises
infect,infections,infected,infection
unfortun,unfortunately
bottl,bottles,bottle
hard,hardly
conclud,concluded,concluding,concludes,conclude
bundl,bundle
regard,regarding,regards,regarded
cabinet,cabinets
sunris,sunrise
asbesto,asbestos
lanc,lance
podcast,podcasts
congratul,congratulations
pull,pulls,pulling,pulled
hire,hiring,hired,hires
dirti,dirty
possibl,possibilities,possibly,possible,possibility
potato,potatoes
unusu,unusual
grasp,grasps,grasping,grasped
embed,embedded
puls,pulse
connect,connects,connections,connectivity,connection,connected,connecting
ab,abs
ad,ads
creat,creates,create,creating,created
frighten,frightening,frightens,frightened
stabl,stable
general,generally
deem,deemed,deems,deeming
decreas,decreased,decrease,decreases,decreasing
file,files,filing,filed
generat,generating,generates,generator,generation,generated,generators,generate,generations
mover,movers
proport,proportion
russel,russell
tiffani,tiffany
film,films,filme
fill,filling,filled,fills
googl,google
extract,extracted,extracts,extraction,extracting
puppi,puppy
compel,compelled,compels,compelling
marketplac,marketplace
abolish,abolished,abolishes,abolishing
field,fields
valid,validation,validity
compet,competent,competes,compete,competed,competing
jacksonvill,jacksonville
sculptur,sculpture
nuditi,nudity
architectur,architecture,architectural
championship,championships
genuin,genuine
firmwar,firmware
terri,terry
sequenc,sequence,sequences
symbol,symbols
drift,drifted,drifts,drifting
briefli,briefly
flower,flowers
vocabulari,vocabulary
peac,peace,peaceful
pool,pools
legal,legally
reduc,reduces,reducing,reduce,reduced
studio,studios
suprem,supreme
directori,directory,directories
invest,investing,invests,invested,investments,investment
descript,descriptions,description
zimbabw,zimbabwe
groov,groove
adam,adams
castl,castle
escap,scaping,escape,scaped,escapes
invoic,invoice
motel,motels
represent,representations,representation
forget,forgetting,forgot,forgets,forgotten
pti,pty
illustr,illustrating,illustrates,illustration,illustrated,illustrations,illustrate
lack,lacked,lacks,lacking
dollar,dollars
month,monthly,months
atlant,atlantic
disc,discs
abil,abilities,ability
dish,dishes
follow,following,follows,followed
merchandis,merchandise
allergi,allergy
children,childrens
airfar,airfare
dairi,dairy
articl,article,articles
program,programming,programs
smili,smilies
yorkshir,yorkshire
smile,smiles,smiling,smiled
introduc,introducing,introduced,introduces,introduce
hydrocodon,hydrocodone
case,cases
vers,verse
consum,consuming,consume,consumers,consumed,consumer,consumes
diari,diary
song,songs
fals,false
soni,sony
faq,faqs
offlin,offline
toss,tossing,tosses,tossed
candid,candidates,candidate
mechan,mechanics,mechanisms,mechanism,mechanical
verd,verde
fall,falling,fell,fallen,falls
veri,very
ticket,tickets
strang,strange
induct,induction
wildlif,wildlife
harri,harris,harry
louis,louise
webmast,webmasters,webmaster
list,listings,listed,lists,listing
pichunt,pichunter
circuit,circuits
adjust,adjustments,adjusted,adjustable,adjusting,adjusts,adjustment
playstat,playstation
bahama,bahamas
dimens,dimension,dimensions
apprais,appraisal
extraordinari,extraordinary
past,paste
rate,rating,rated,rates,ratings
pressur,pressure
design,designs,designer,designation,designated,designed,designing,designers
lawyer,lawyers
pass,passes,passing,passed
howev,however
chair,chairs
proxi,proxy
excit,excitement,exciting,excited
lone,lonely
sue,suing,sued,sues
barrier,barriers
microphon,microphone
clock,clocks
sum,sums,summing,summed
abl,able
brief,briefing,briefs
crush,crushes,crushing,crushed
delet,deleted,delete
version,versions
ozon,ozone
hampshir,hampshire
intersect,intersection
consecut,consecutive
deepli,deeply
payabl,payable
method,methods
contrast,contrasts,contrasting,contrasted
essenc,essence
themselv,themselves
kentucki,kentucky
pacif,pacific
variat,variations,variation
sophist,sophisticated
nake,naked
ranger,rangers
manchest,manchester
omiss,omissions
solari,solaris
brisban,brisbane
strong,strongly
modifi,modifies,modify,modified,modifying
valv,valve,valves
valu,valuing,valued,values,value
mozambiqu,mozambique
search,searches,searching,searched
soldier,soldiers
amount,amounts,amounting,amounted
therapeut,therapeutic
pick,picking,picked,picks
action,actions
introductori,introductory
narrow,narrowing,narrows,narrowed
magnitud,magnitude
housew,housewives
medicin,medicine,medicines
diamet,diameter
decim,decimal
depart,department,departs,departed,departments,departing
vid,vids
declin,decline,declining,declined,declines
lawrenc,lawrence
transit,transition
readili,readily
put,putting,puts
intent,intention
inappropri,inappropriate
thought,thoughts
famili,families,family
establish,established,establishment,establishes,establishing
select,selection,selections,selecting,selected,selective,selects
merri,merry
aggress,aggressive
eye,eyes,eyed
proceed,proceeded,proceedings,proceeding,proceeds
simpli,simply
distinct,distinction
liber,liberal
injuri,injury,injuries
regist,registers,registered,register,registering
coverag,coverage
workstat,workstation
massag,massage
formul,formulating,formulated,formulates,formulate
morn,morning
offshor,offshore
minor,minority
teen,teens
diamond,diamonds
desir,desire,desired,desirable,desires,desiring
freelanc,freelance
hurri,hurries,hurrying,hurry,hurried
ital,italic
flag,flags
stick,sticking,stuck,sticks
bestsel,bestsellers
sens,sensing,senses,sensed,sense
magnific,magnificent
compani,company,companies
cach,cached,cache
town,towns
dictat,dictating,dictates,dictated,dictate
hour,hours,hourly
hous,house,housing,housed,houses
phillip,phillips
outlin,outlining,outlined,outline,outlines
histori,history
biodivers,biodiversity
remain,remains,remaining,remained
portugues,portuguese
learn,learned,learns,learnt,learning
abandon,abandoning,abandoned,abandons
male,males
explod,explode,exploded,exploding,explodes
orlean,orleans
prompt,prompts,promptly,prompted,prompting
myspac,myspace
scan,scanning,scanned,scans
challeng,challenges,challenge,challenging,challenged
registr,registration
share,shared,sharing,shares
accept,accepting,acceptable,accepted,accepts,acceptance
attain,attained,attaining,attains
explor,exploring,explores,explorer,explore,explored,exploration
explos,explosion
nippl,nipples,nipple
station,stations
dress,dressed,dresses,dressing
condemn,condemning,condemns,condemned
cours,course,courses
court,courts
goal,goals
secur,secure,securing,secured,securities,security,secures,securely
beastial,beastiality
anoth,another
comfort,comfortable
hugh,hughes
divin,divine
mapl,maple
divis,divisions,division
cling,clung,clings,clinging
reject,rejected,rejecting,rejects
scienc,science,sciences
stir,stirred,stirs,stirring
needl,needle
plant,plants,planting,planted
infecti,infectious
resourc,resource,resources
taho,tahoe
emac,emacs
faculti,faculty
reflect,reflecting,reflections,reflected,reflects,reflection
catalog,catalogs
plane,planes
embrac,embraces,embrace,embraced,embracing
gasp,gasps,gasped,gasping
varianc,variance
associ,associations,associated,associate,associates,associating,association
vintag,vintage
stabil,stability
circumst,circumstances
short,shortly,shorts
juic,juice
ani,any
barbi,barbie
doctor,doctors
caus,caused,causing,cause,causes
shade,shades
cigarett,cigarettes,cigarette
dream,dreamt,dreams,dreaming
astronomi,astronomy
infant,infants
embassi,embassy
help,helped,helping,helps,helpful
cartridg,cartridges,cartridge
pant,pants
major,majority
trade,traded,trades,trading
octob,october
scientist,scientists
ferri,ferry
erot,erotic
suffer,suffering,suffers,suffered
paramet,parameter,parameters
style,styles
biographi,biographies,biography
shopper,shoppers
statewid,statewide
pray,prayed,prays,praying
exact,exactly
complex,complexity
handheld,handhelds
relev,relevance,relevant
late,lately
resort,resorts
pend,pending
speech,speeches
genealog,genealogy
senat,senate,senators,senator
alter,altering,altered,alters
peni,penis
recip,recipes,recipe
independ,independent,independently,independence
return,returns,returned,returning
food,foods
sentenc,sentenced,sentencing,sentences,sentence
pollut,pollution
shemal,shemale,shemales
synopsi,synopsis
collin,collins
somebodi,somebody
compound,compounds
arbitr,arbitration
adventur,adventures,adventure
complain,complained,complaining,complains
eventu,eventually
holiday,holidays
troubleshoot,troubleshooting
unlik,unlikely,unlike
authent,authentication,authentic
radiat,radiation
pregnanc,pregnancy
easili,easily
achiev,achievements,achieved,achieves,achieve,achieving,achievement
alreadi,already
undertak,undertaking,undertakes,undertook,undertake,undertaken
genom,genome
ceas,ceased,ceasing,cease,ceases
found,finding,founded,finds,find
intervent,interventions,intervention
adolesc,adolescent
trailer,trailers
valuat,valuation
harm,harmful
weight,weighted,weights
fish,fishing
timelin,timeline
tighten,tightening,tightened,tightens
procedur,procedures,procedure
realli,really
heavi,heavy
oil,oils
expect,expected,expecting,expects,expectations
fist,fisting
horribl,horrible
energi,energy
portug,portugal
orient,oriented,oriental,orientation
renaiss,renaissance
massiv,massive
safeti,safety
admiss,admissions,admission
encod,encoding
vancouv,vancouver
robert,roberts
publish,publishes,publisher,publishers,publishing,published
research,researcher,researches,researching,researchers,researched
bubbl,bubble
perri,perry
sustain,sustainable,sustained,sustains,sustainability,sustaining
hill,hills
shipment,shipments
expans,expansion
print,prints,printing,printed
truste,trustees,trustee
occurr,occurrence
polyphon,polyphonic
highway,highways
textil,textile,textiles
difficulti,difficulty,difficulties
qualifi,qualifying,qualify,qualified,qualifies
assist,assistant,assisting,assists,assisted,assistance
belief,beliefs
advanc,advance,advancement,advancing,advanced,advances
differ,different,differences,differing,differently,differed,differs,difference
pub,pubs
rocki,rocky
lifestyl,lifestyle
quick,quickly
reason,reasons,reasonably,reasoning,reasonable
base,basing,bases,based
believ,believed,believe,believing,believes
murmur,murmuring,murmured,murmurs
ask,asking,asked,asks
teach,teaching,taught,teaches
headquart,headquarters
basi,basis
director,directors
thread,threaded,threads
launch,launches,launching,launched
airport,airports
veloc,velocity
omit,omitted,omits,omitting
struggl,struggling,struggles,struggled,struggle
revolutionari,revolutionary
american,americans
campbel,campbell
perman,permanent
penetr,penetrates,penetrating,penetration,penetrated,penetrate
undergo,undergoes,undergone,undergoing,underwent
habit,habits
assign,assigned,assignments,assigning,assigns,assignment
feed,feeds,feeding,feeing,fees
sympathi,sympathy
dine,dining
notifi,notified,notify
wilder,wilderness
feel,feeling,feels,felt,feelings
exchang,exchanged,exchanging,exchanges,exchange
number,numbers
evolut,evolution
celeb,celebs
elder,elderly
river,rivers
florist,florists
membran,membrane
miss,misses,missed,missing
fanci,fancies,fancying,fancy,fancied
villa,villas
idea,ideas
guess,guessing,guessed,guesses
guest,guests
jet,jets
script,scripting,scripts
interact,interaction,interactive,interactions
construct,construction,constructs,constructing,constructed
donat,donations,donation,donate,donated
paint,painted,paints,painting,paintings
stori,story,stories
underlin,underlined,underlines,underlining,underline
statement,statements
lauderdal,lauderdale
illeg,illegal
master,masters
scheme,schemes
entrepreneur,entrepreneurs
store,storing,stored,stores
necklac,necklace
saint,saints
relationship,relationships
pump,pumps
hotel,hotels
park,parked,parks,parking
pari,paris
greenhous,greenhouse
dentist,dentists
part,parted,parts,partly,parting
word,words
consult,consulting,consultant,consults,consultancy,consultants,consulted,consultation
moder,moderator,moderators,moderate
king,kings
kind,kinds
john,johns
contrari,contrary
whenev,whenever
remot,remote
perfum,perfume
remov,removing,removes,remove,removal,removable,removed
vaccin,vaccine
vocal,vocals
horizont,horizontal
groceri,grocery
bridg,bridges,bridge
architect,architects
vocat,vocational
arrang,arranged,arrangement,arrangements,arranging,arranges,arrange
toward,towards
danc,dance,dances,danced,dancing
builder,builders
cleaner,cleaners
comput,computational,compute,computed,computing,computers,computer,computation
atmospher,atmosphere,atmospheric
exert,exerted,exerts,exerting
strengthen,strengthened,strengthening,strengthens
defect,defects
marbl,marble
packag,packaging,packages,package
expir,expires,expired,expiration
blond,blonde
lui,luis
dedic,dedicated,dedicate,dedicating,dedicates
eddi,eddie
option,optional,options
sell,sold,selling,sells
imagin,imagining,imagination,imagines,imagined,imagine
metabol,metabolism
lib,libs
commentari,commentary
violat,violation,violations
lip,lips
build,building,buildings,builds,built
donor,donors
bufe,bufing
mose,moses
play,plays,playing,played
distribut,distribute,distributed,distributing,distribution,distributes,distributions
newcastl,newcastle
reckon,reckoned,reckoning,reckons
reach,reached,reaches,reaching
mixtur,mixture
react,reacts,reacting,reacted
most,mostly
virus,viruses
charm,charms,charming
plan,planning,plans,planned
softbal,softball
lyco,lycos
watt,watts
charg,charges,charge,charging,charged
amaz,amazing
workplac,workplace
clear,clears,clearing,cleared,clearly
cover,covered,covers,covering
destruct,destruction
salari,salary,salaries
clean,cleans,cleaning,cleaned
weigh,weighed,weighs,weighing
awesom,awesome
sector,sectors
think,thinking,thought,thinks
humid,humidity
jurisdict,jurisdiction
session,sessions
palestin,palestine
hairi,hairy
fireplac,fireplace
reput,reputation
fine,fined,fines,fining
find,finding,found,finds,findings
violenc,violence
penalti,penalty,penalties
cell,cells
giant,giants
randi,randy
copyright,copyrights,copyrighted
equiti,equity
writer,writers
solut,solution,solutions
indian,indians
factor,factors
remedi,remedies,remedy
workforc,workforce
hit,hitting,hits
exposur,exposure
express,expresses,expressions,expression,expressing,expressed
kilomet,kilometers
mainten,maintenance
exempt,exemption
liabl,liable
reprint,reprints
banner,banners
herb,herbs
synthet,synthetic
proclaim,proclaiming,proclaimed,proclaims
antiqu,antique,antiques
singapor,singapore
common,commons,commonly
cri,cries,cry,crying,cried
curti,curtis
commod,commodities,commodity
sew,sewing
certif,certificates,certificate,certification
set,setting,settings,sets
art,arts
dump,dumps,dumping,dumped
delux,deluxe
see,seeing,saw,sees,seen
identif,identification
knive,knives
sea,seas
close,closes,closing,closely,closed
arm,armed,arming,arms
barn,barnes
shower,showers
spiritu,spirituality,spiritual
expert,experts
merci,mercy
deleg,delegation
user,users
particip,participant,participates,participating,participants,participate,participated,participation
debat,debated,debates,debating,debate
restructur,restructuring
subscript,subscription,subscriptions
experi,experienced,experiment,experiencing,experience,experiments,experiences
piss,pissing
altern,alternatively,alternative,alternate,alternatives
signatur,signatures,signature
catalogu,catalogue
dalla,dallas
appreci,appreciation,appreciates,appreciating,appreciate,appreciated
numer,numerical,numerous,numeric
unauthor,unauthorized
induc,inducing,induced,induces,induce
sole,solely
isol,isolation,isolates,isolate,isolated,isolating
pirat,pirates
succeed,succeeding,succeeded,succeeds
consumpt,consumption
distinguish,distinguishes,distinguishing,distinguished
condo,condos
purpl,purple
tion,tions
popul,population,populations
disclaim,disclaimer,disclaimers
last,lasted,lasts,lasting
advers,adverse
retent,retention
annual,annually
alon,alone
event,events
tempor,temporal
motorcycl,motorcycle,motorcycles
modif,modification,modifications
carniv,carnival
load,loaded,loads,loading
milwauke,milwaukee
dietari,dietary
episod,episodes,episode
consolid,consolidated,consolidation
point,pointed,points,pointing
schedul,scheduled,scheduling,schedules,schedule
loan,loans
sweep,sweeping,sweeps,swept
leon,leone
bukkak,bukkake
header,headers
provok,provoked,provoke,provoking,provokes
suppli,supplies,supplying,supplied,supply
vessel,vessels
mistak,mistakes,mistake
mission,missions
communiti,communities,community
belt,belts
cathedr,cathedral
blog,blogs,blogging
forgiv,forgiven,forgiving,forgave,forgives,forgive
surnam,surname
stamp,stamps
overlook,overlooked,overlooks,overlooking
devic,device,devices
empti,empty
secret,secrets
threaten,threatening,threatened,threatens
nicol,nicole
napl,naples
devis,devise,devised,devises,devising
strategi,strategies,strategy
firm,firms
invis,invisible,invision
flight,flights
champion,champions
gay,gays
boy,boys
fire,fires,firing,fired
reassur,reassured,reassure,reassures,reassuring
imag,images,image,imaging
crack,cracked,cracks,cracking
remark,remarks,remarking,remarkable,remarked
mine,mining,mines
kathi,kathy
fund,funds,funding,funded
understand,understood,understands,understanding
demand,demanded,demanding,demands
educ,educate,educated,educators,educational,educating,educates,education
subcommitte,subcommittee
politician,politicians
look,looked,looking,looks
bill,bills,billing
histor,historic,historical
crazi,crazy
durat,duration
cluster,clusters
litig,litigation
unifi,unified
match,matches,matching,matched
behavior,behavioral
error,errors
anonym,anonymous
fixtur,fixtures
brunett,brunette
loop,loops
pack,packing,packed,packs
subsect,subsection
swim,swam,swims,swum,swimming
pound,pounds
readi,ready
centr,centred,centres,centring,centre
rip,rips,ripped,ripping
virtu,virtue
rid,ridded,rids,ridding
vanish,vanishing,vanishes,vanished
routin,routines,routine
chase,chased,chases,chasing
decor,decorative,decorated,decorating,decorates,decorate
shirt,shirts
grant,granted,grants,granting
belong,belonging,belongs,belonged
funni,funny
itali,italy
pharmaceut,pharmaceutical,pharmaceuticals
grand,grande
salvat,salvation
memphi,memphis
development,developmental
optic,optical,optics
lie,lies,lying,lied
optim,optimal,optimization,optimize
wherea,whereas
inflat,inflation
alert,alerted,alerts,alerting
moment,moments
temporari,temporary
fatti,fatty
extrem,extremely,extreme
wherev,wherever
climb,climbs,climbing,climbed
luxuri,luxury
postag,postage
lower,lowers,lowering,lowered
task,tasks
equival,equivalent
eleg,elegant
kelli,kelly
entri,entry,entries
chemistri,chemistry
maker,makers
person,personal,persons,personally,personals,personalized,personality
cheer,cheers,cheering,cheered
chees,cheese
expens,expense,expensive,expenses
elev,elevation
district,districts
academ,academic,academics
tast,taste,tastes,tasted,tasting
spend,spending,spent,spends
propos,proposed,propose,proposals,proposes,proposing,proposal
explan,explanation
navi,navy
collabor,collaboration,collaborative
relianc,reliance
shape,shapes,shaping,shaped
zshop,zshops
administ,administer,administered,administering,administers
love,loved,lovely,loves,loving
continent,continental
depriv,deprive,deprived,depriving,deprives
mandat,mandate
cut,cutting,cuts
tablet,tablets
cup,cups
stimul,stimulated,stimulates,stimulating,stimulate
boutiqu,boutique
swinger,swingers
persuad,persuaded,persuades,persuading,persuade
theoret,theoretical
contractor,contractors
newbi,newbie
grin,grinning,grins,grinned
appli,applied,apply,applying,applies
snap,snapped,snaps,snapping
input,inputs
subsequ,subsequent,subsequently
cemeteri,cemetery
app,apps
bio,bios
complaint,complaints
march,marched,marches,marching
format,formatting,formation,formats
foundat,foundation,foundations
bid,bidden,bids,bidding
molecul,molecules
sapphir,sapphire
injur,injured,injures,injuring,injure
thoma,thomas
blowjob,blowjobs
tabl,table,tables
bit,bits
characterist,characteristics,characteristic
peripher,peripherals,peripheral
knock,knocked,knocks,knocking
leisur,leisure
confront,confronts,confronting,confronted
signal,signals,signalling,signalled
incred,incredible
resolv,resolved,resolve,resolving,resolves
glove,gloves
websit,website,websites
heart,hearts
collect,collecting,collectibles,collectible,collective,collection,collections,collectables,collected,collects
princip,principal
presidenti,presidential
popular,popularity
cruis,cruise,cruises
encount,encounters,encountering,encounter,encountered
scare,scared
mighti,mighty
simplifi,simplified
spring,springing,springs,sprung
creation,creations
back,backing,backed,backs
handjob,handjobs
sampl,sample,samples,sampling
mirror,mirrors
insur,insured,insurance
surpris,surprises,surprised,surprising,surprise
syndrom,syndrome
affili,affiliated,affiliate,affiliates,affiliation
scale,scales
chocol,chocolate
plenti,plenty
pet,pets
republ,republic
seller,sellers
religion,religions
substitut,substituting,substituted,substitutes,substitute
mathemat,mathematical,mathematics
larg,large,largely
jewelri,jewelry
recognis,recognising,recognised,recognises,recognise
pee,peeing
veterinari,veterinary
reproduc,reproduce,reproduces,reproduced,reproducing
pea,peas
machin,machine,machines
be,being,is,am,been,am not,wasn't,beings,are,were,aren't,was,isn't,weren't
ebook,ebooks
run,ran,runs,running
rub,rubbing,rubs,rubbed
provinci,provincial
rug,rugs
stem,stemmed,stemming,stems
step,stepped,steps,stepping
franci,francis
squeez,squeezed,squeeze,squeezing,squeezes
prerequisit,prerequisite
newslett,newsletters,newsletter
impos,imposing,impose,imposed,imposes
mortgag,mortgages,mortgage
shine,shines,shone,shining
juvenil,juvenile
constraint,constraints
morri,morris
materi,material,materials
memori,memories,memorial,memory
matern,maternity
valentin,valentine
idl,idle
disclosur,disclosure
prostat,prostate
block,blocks,blocking,blocked
charl,charles
reduct,reductions,reduction
repair,repairing,repairs,repaired
miracl,miracle
primarili,primarily
lifetim,lifetime
parad,parade
wive,wives
exceed,exceeds,exceeding,exceeded
bankruptci,bankruptcy
pediatr,pediatric
savag,savage
irrig,irrigation
steven,stevens
ensur,ensures,ensuring,ensure,ensured
lesson,lessons
announc,announcement,announcing,announces,announce,announcements,announced
durabl,durable
incent,incentives,incentive
occupi,occupying,occupy,occupies,occupied
inclus,inclusive,inclusion
institut,institute,institutional,institutes,institutions,institution
baltimor,baltimore
proprietari,proprietary
doll,dolls
question,questioned,questions,questioning
percept,perception
long,longs,longing,longed
custom,customer,customize,customers,customized,customs
dian,diane
adjac,adjacent
camera,cameras
includ,included,include,including,includes
suit,suites,suiting,suite,suited,suits
forward,forwarding
lotteri,lottery
larri,larry
great,greatly
attorney,attorneys
ingredi,ingredients
cloth,clothing,clothes
screensav,screensaver,screensavers
game,gaming,games
translat,translator,translations,translates,translating,translated,translation,translate
atom,atomic
line,lining,lined,lines
isra,israeli
specialti,specialties,specialty
jacki,jackie
muscl,muscles,muscle
consist,consistent,consistently,consistency,consists,consisting,consisted
up,ups
intim,intimate
highlight,highlighted,highlights,highlighting
fridg,fridge
similar,similarly
bever,beverly
bell,belle
groundwat,groundwater
enlarg,enlargement,enlarge
constant,constantly
porsch,porsche
flow,flowed,flows,flowing
chao,chaos
repres,represent,represents,representatives,representative,represented,representing
incomplet,incomplete
septemb,september
chat,chats,chatted,chatting
home,homes
curl,curls,curling,curled
prevail,prevailed,prevails,prevailing
crisi,crisis
pronounc,pronounced,pronouncing,pronounce,pronounces
titl,titles,titled,title
westminst,westminster
handmad,handmade
plumb,plumbing
club,clubs
librari,libraries,library
department,departmental
particular,particularly
draw,drawn,draws,drawing,drew,drawings
tongu,tongue
lend,lending,lends,lent
sublim,sublime
athen,athens
resign,resigning,resigned,resigns
william,williams
insect,insects
cater,catered,caters,catering
enzym,enzyme
deserv,deserve,deserving,deserved,deserves
night,nights
lane,lanes
land,landed,lands,landing
fighter,fighters
wendi,wendy
algorithm,algorithms
psychiatri,psychiatry
age,aging,aged,ages
rotari,rotary
potteri,pottery
discrimin,discrimination
tripl,triple
tube,tubes
bizrat,bizrate
prototyp,prototype
essay,essays
code,codes,coding
truck,trucks
edg,edges,edge
scratch,scratched,scratching,scratches
merced,mercedes
watersh,watershed
kati,katie
commerc,commerce
landscap,landscapes,landscape
aw,awful
modem,modems
go,gone,went,going,goes
cognit,cognitive
applianc,appliance,appliances
literari,literary
privat,private
procur,procurement
sensit,sensitive,sensitivity
elsewher,elsewhere
send,sends,sending,sent
moor,moore
hungari,hungary
reuter,reuters
aris,arises,arising,arose,arisen,arise
airplan,airplane
quizz,quizzes
inject,injection
passiv,passive
garden,gardening,gardens
nichola,nicholas
disclos,disclose,discloses,disclosing,disclosed
wave,waved,waving,waves
mous,mouse
electron,electronics,electronic
sock,socks
volum,volume,volumes
disast,disaster
vacat,vacation,vacations
surgeon,surgeons
kitti,kitty
wipe,wiped,wiping,wipes
tri,try,tries,trying,tried
weapon,weapons
magic,magical
knight,knights
button,buttons
geograph,geographic,geographical
kansa,kansas
threat,threats
race,racing,races,raced
vertic,vertical
second,seconds
marri,marrying,marry,married,marries
rack,racks
pleas,pleases,pleasing,please,pleased
vehicl,vehicles,vehicle
impli,implying,imply,implied,implies
cap,caps
fortun,fortune
natur,naturals,naturally,natural,nature
crop,crops
annot,annotation,annotated
jump,jumped,jumps,jumping
fold,folds,folding,folded
helicopt,helicopter
booti,booty
plead,pleads,pleading,pled
download,downloaded,downloads,downloading,downloadable
acid,acids
carlo,carlos
click,clicking,clicks
folk,folks
kinas,kinase
compat,compatible,compatibility
index,indexed,indexes
font,fonts
compar,compare,compared,comparable,comparing,compares,comparative
dealer,dealers
resembl,resembled,resembling,resembles,resemble
han,hans
twink,twinks
access,accessible,accessed,accessing,accessibility,accesses
experiment,experimental
bird,birds
whatev,whatever
impact,impacts
vibrat,vibrator,vibrators
ration,rational
poverti,poverty
delawar,delaware
leg,legs
sexi,sexy
len,lens
bodi,body,bodies
firewal,firewall
let,letting,lets
sink,sinking,sunk,sinks,sunken
sing,sings,singing,sung
becom,becomes,becoming,became,become
sinc,since
residenti,residential
syracus,syracuse
convert,converting,convertible,converted,converts,converter
produc,producers,producer,produces,produced,produce,producing
talent,talented
pretti,pretty
survivor,survivors
derbi,derby
artifici,artificial
conceiv,conceiving,conceive,conceived,conceives
casino,casinos
technolog,technologies,technology,technological
fetch,fetching,fetches,fetched
converg,convergence
survey,surveys
chequ,cheque
defeat,defeated,defeating,defeats
earli,early
opinion,opinions
chang,changing,changed,changes,change
gene,genes
honor,honors
chanc,chances,chance
employe,employee,employees
calibr,calibration
clark,clarke
danger,dangerous
forbid,forbade,forbidding,forbidden,forbids
win,wins,won,winning
approxim,approximate,approximately
emot,emotional,emotions
disciplin,discipline,disciplines
powel,powell
wit,witnesses,witnessing,witness,witnessed
adida,adidas
motor,motors
deputi,deputy
cloud,clouds
fabul,fabulous
usg,usgs
use,using,used,uses,useful
crap,craps
doubl,double,doubling,doubled,doubles
upgrad,upgrade,upgrading,upgrades
coordin,coordinate,coordinated,coordination,coordinates,coordinator
fibr,fibre
implic,implications
doubt,doubting,doubted,doubts
advoc,advocated,advocate,advocating,advocates
usp,usps
lesli,leslie
stage,staged,stages,staging
postpost,postposted
chip,chips
remaind,remainder
sort,sorted,sorts,sorting
babe,babes
on,ons
babi,baby,babies
musician,musicians
impress,impressed,impression,impressive,impresses,impressing
bike,bikes
chariti,charity
trail,trails
train,training,trained,trains
louisvill,louisville
actual,actually
gambl,gambling
olymp,olympic,olympics
women,womens
annoy,annoying
reproduct,reproductive,reproduction
account,accounting,accounted,accounts,accountability
alik,alike
retriev,retrieved,retrieve,retrieval
perceiv,perceiving,perceived,perceive,perceives
ridg,ridge
alia,alias
ride,ridden,riding,rides,rode
alic,alice
stroke,strokes,stroking,stroked
pour,pours,pouring,poured
justic,justice
obvious,obviously
drill,drilling
franchis,franchise
meet,meets,meetings,meeting,met
nightlif,nightlife
scatter,scattering,scattered,scatters
aliv,alive
control,controllers,controlling,controller,controlled,controls
tap,tapped,taps,tapping
tab,tabs
contempl,contemplates,contemplating,contemplated,contemplate
plate,plates
process,processes,processing,processed
lock,locking,locked,locks
carrol,carroll
tax,taxed,taxes,taxing
acn,acne
high,highs,highly
luggag,luggage
tag,tagged,tags
kenni,kenny
bend,bending,bends,bent
slip,slips,slipping,slipped
agenc,agency,agencies
onlin,online
crimin,criminal
skirt,skirts
weaken,weakening,weakened,weakens
everywher,everywhere
surfac,surfaces,surface
sit,sits,sat,sitting
comedi,comedy
georg,george
delay,delays,delaying,delayed
lamp,lamps
carrier,carriers
forest,forests
democraci,democracy
dissolv,dissolved,dissolving,dissolves,dissolve
poetri,poetry
sim,sims
stock,stockings,stocks
fare,fares
financ,financing,financed,finance,finances
attend,attending,attendance,attended,attends
farm,farms,farming
watch,watched,watches,watching
await,awaiting,awaited,awaits
hazard,hazardous,hazards
notebook,notebooks
attent,attention
glucos,glucose
philosophi,philosophy
physic,physically,physics,physical
tomato,tomatoes
villag,villages,village
alloc,allocation,allocating,allocated,allocates,allocate
masturb,masturbating,masturbation
essenti,essentially,essentials,essential
nanci,nancy
agricultur,agricultural,agriculture
bind,binding,binded,binds
counter,countering,countered,counters
correspond,corresponded,correspondence,corresponding,corresponds
element,elements
issu,issued,issuing,issue,issues
allow,allowance,allows,allowing,allowed
cattl,cattle
lobbi,lobby
furnish,furnishings,furnished
breast,breasts
elig,eligibility,eligible
movi,movies,movie
move,moving,moves,moved
horni,horny
galaxi,galaxy
elit,elite
spank,spanking
desper,desperate
perfect,perfectly
accur,accurate,accurately
sunni,sunny
gari,gary
brook,brooks
coupon,coupons
ecommerc,ecommerce
infrastructur,infrastructure
decad,decades,decade
therefor,therefore
pixel,pixels
recept,reception
crash,crashed,crashes,crashing
legendari,legendary
handl,handles,handling,handle,handled
auto,autos
dan,dans
spell,spelling,spelt,spells
pharmacolog,pharmacology
handi,handy
tribut,tribute
literaci,literacy
mention,mentioning,mentioned,mentions
tribun,tribunal,tribune
facilit,facilitates,facilitating,facilitate,facilitated
kiss,kissing,kissed,kisses
republican,republicans
investor,investors
day,days
warranti,warranty,warranties
somewher,somewhere
betti,betty
anyth,anything
edit,edition,edited,edits,editing,editions
unlimit,unlimited
tran,trans
medlin,medline
slide,slides,slid,slidden,sliding
phentermin,phentermine
trap,trapping,traps,trapped
metr,metres
societi,society,societies
arkansa,arkansas
tranni,tranny
intellig,intelligence,intelligent
sandi,sandy
our,ours
secretari,secretary
sexual,sexuality,sexually
wander,wandered,wandering,wanders
special,specials,specializing,specialized,specially
variabl,variable,variables
narrat,narrative
enemi,enemy,enemies
influenc,influenced,influencing,influence,influences
hardcov,hardcover
confess,confessing,confessed,confesses
defenc,defence
discharg,discharges,discharging,discharged,discharge
categori,category,categories
mate,mating
stuf,stuffed
suitabl,suitable
sever,severe,several
hardwar,hardware
wick,wicked
stun,stunning
defens,defense,defensive
statist,statistics,statistical
clarifi,clarifying,clarified,clarifies,clarify
shut,shutting,shuts
payrol,payroll
insid,insider,inside
regulatori,regulatory
manipul,manipulating,manipulated,manipulates,manipulate
charit,charitable
templ,temple
ban,banned,banning,bans
dictionari,dictionaries,dictionary
advisor,advisors
thrust,thrusting,thrusts
philip,philips
afterward,afterwards
log,logging,logged,logs
etern,eternal
nowher,nowhere
turtl,turtle
spill,spills,spilling,spilt
pictur,picture,picturing,pictured,pictures
keep,keeping,kept,keeps
scari,scary
enforc,enforcement,enforced,enforce,enforcing,enforces
organis,organisation,organisations,organises,organise,organising,organised
outsid,outside
presid,president
geometri,geometry
retain,retaining,retains,retained
retail,retailer,retailers
organiz,organizational
footag,footage
mad,madness
endors,endorsing,endorses,endorsed,endorsement,endorse
exam,exams
christoph,christopher
blogger,bloggers
qualiti,quality,qualities
scene,scenes
sack,sacks,sacking,sacked
echo,echoes,echoing,echoed
sharewar,shareware
sacr,sacred
owner,owners
facil,facilities,facility
princ,prince
bicycl,bicycle
prioriti,priority,priorities
rington,ringtones,ringtone
strict,strictly
licens,licenses,licensing,license,licensed
robbi,robbie
trembl,trembles,tremble,trembled,trembling
system,systems
messag,messaging,message,messages
stakehold,stakeholders
attach,attaching,attaches,attached,attachments,attachment
attack,attacks,attacking,attacked
expenditur,expenditures,expenditure
privaci,privacy
termin,terminal,termination,terminals
licenc,licence
final,finally,finals
boil,boils,boiling,boiled
evanesc,evanescence
punish,punishing,punishes,punished,punishment
methodolog,methodology
arbitrari,arbitrary
karaok,karaoke
accompani,accompanied,accompany,accompanies,accompanying
tissu,tissue
diminish,diminishing,diminishes,diminished
nobodi,nobody
photograph,photographs,photographers,photographic,photographer
embodi,embody,embodied,embodying,embodies
bother,bothers,bothering,bothered
brussel,brussels
onc,once
beg,begging,begged,begs
structur,structured,structures,structure,structural
charact,characters
siemen,siemens
light,lighted,lights,lighting
flasher,flashers
bare,barely
psycholog,psychological,psychology
bet,bets,betting,betted
tommi,tommy
exhibit,exhibition,exhibiting,exhibited,exhibits,exhibitions
deliveri,delivery
shakespear,shakespeare
clip,clips
terribl,terrible
viewer,viewers
favorit,favorite,favorites
partnership,partnerships
robot,robots
corrupt,corruption
netherland,netherlands
immigr,immigrants,immigration
have,had,hasn't,hadn't,has,having,haven't
congression,congressional
need,needn't,needed,needs,needing
keyboard,keyboards
border,borders
depict,depicted,depicts,depicting
min,mins
rout,routes,route,routing
accuraci,accuracy
mix,mixed,mixing,mixes
especi,especially
discret,discrete,discretion
latina,latinas
tactic,tactics
roug,rouge
divert,diverts,diverting,diverted
divers,diverse,diversity
singl,singles,single
practis,practised,practises,practising,practise
courtesi,courtesy
skate,skating
ray,rays
deploy,deployment
chassi,chassis
oracl,oracle
galleri,galleries,gallery
discov,discovered,discovering,discover,discovers
mortal,mortality
arcad,arcade
aborigin,aboriginal
handbag,handbags
tranc,trance
judici,judicial
payment,payments
divorc,divorce
realtor,realtors
urg,urge,urging,urged,urges
url,urls
gather,gathering,gathers,gathered
upset,upsetting,upsets
face,faced,facing,faces
inde,indeed
deni,denies,deny,denying,denied
determin,determination,determining,determined,determines,determine
luci,lucy
hardcor,hardcore
indi,indie
someth,something
fact,facts
son,sons
affair,affairs
nutrit,nutrition,nutritional
text,texts
brother,brothers
bring,brought,brings,bringing
clearanc,clearance
envisag,envisages,envisaging,envisage,envisaged
bedroom,bedrooms
fear,fears,fearing,feared
discoveri,discovery
texa,texas
footbal,football
ear,ears
locat,locate,locates,locator,locations,located,location,locating
nois,noise
tire,tires,tired
winner,winners
forev,forever
bug,bugs
manufactur,manufacture,manufacturers,manufactured,manufacturing,manufactures,manufacturer
score,scoring,scored,scores
suppos,supposes,suppose,supposed,supposing
conclus,conclusion,conclusions
concentr,concentrated,concentrate,concentrates,concentrations,concentration,concentrating
local,locale,locally
hope,hopes,hopefully,hoping,hoped
insight,insights
contribut,contribute,contributed,contributing,contribution,contributes,contributions
satisfact,satisfaction
beat,beats,beaten,beating
disagre,disagreed,disagree,disagrees,disagreeing
rush,rushes,rushing,rushed
bear,bears,bearing,borne
autom,automated,automation
bean,beans
meter,meters
increas,increase,increasingly,increases,increasing,increased
photographi,photography
lucki,lucky
theatr,theatre
wallpap,wallpaper,wallpapers
smash,smashed,smashing,smashes
enabl,enabling,enables,enable,enabled
organ,organizations,organize,organic,organisms,organized,organization,organizer,organizes,organizing
densiti,density
summon,summonning,summonned,summons
integr,integrating,integrates,integral,integration,integrate,integrity,integrated
partit,partition
contain,containing,contains,container,contained,containers
grab,grabbing,grabs,grabbed
view,viewing,viewed,views
conform,conformed,conforms,conforming
legaci,legacy
frame,frames,framing,framed
funer,funeral
packet,packets
temporarili,temporarily
troubl,trouble
particl,particles,particle
qti,qty
entranc,entrance
wire,wired,wires,wiring
panti,panties
reform,reforms
pattern,patterns
boundari,boundaries,boundary
segment,segments
thumb,thumbs
tend,tending,tended,tends
favor,favors
state,states,stating,stated
physiolog,physiology
destini,destiny
progress,progressed,progresses,progressing,progressive
biblic,biblical
thumbnail,thumbnails
criticis,criticise,criticises,criticised,criticising
bed,beds,bedding
patholog,pathology
amen,amenities
conjunct,conjunction
dislik,disliking,dislike,disliked,dislikes
job,jobs
entir,entire,entirely
spoil,spoilt,spoils,spoiling
disput,disputes,dispute
eclips,eclipse
thank,thanking,thanked,thanks
instant,instantly
plugin,plugins
career,careers
joke,jokes
equal,equally,equality
drug,drugs
thereaft,thereafter
consider,consideration,considerable,considerations
admit,admits,admitted,admitting
instanc,instance,instances
admir,admire,admired,admires,admiring
equat,equation,equations
committe,committees,committee
hobbi,hobby,hobbies
ami,amy
freeli,freely
swallow,swallowing,swallowed,swallows
comment,commenting,commented,comments
wale,wales
wall,walls
guidelin,guidelines
arriv,arrival,arrives,arrivals,arrived,arriving,arrive
moistur,moisture
walk,walking,walked,walks
solv,solved,solving,solve,solves
laugh,laughs,laughing,laughed
commenc,commencing,commenced,commences,commence
respect,respecting,respects,respected,respective,respectively
beach,beaches
hispan,hispanic
cologn,cologne
poem,poems
slowli,slowly
pin,pinned,pinning,pins
midland,midlands
catherin,catherine
quotat,quotations
trademark,trademarks
compos,composed,compose,composing,composer,composes
triniti,trinity
compon,component,components
colleagu,colleague,colleagues
gaze,gazing,gazes,gazed
besid,beside,besides
treat,treating,treated,treats
electr,electricity,electrical,electric
bronz,bronze
immedi,immediately,immediate
partial,partially
pic,pics
treasur,treasures,treasure,treasurer
upcom,upcoming
adob,adobe
presenc,presence
assert,asserted,asserting,asserts
player,players
planner,planners
togeth,together
furnitur,furniture
nerv,nerve
present,presently,presented,presentations,presents,presenting,presentation
replic,replication
novel,novels
plain,plains
align,alignment
will,willing
defin,defined,define,defining,defines
genr,genre,genres
rochest,rochester
glossari,glossary
observ,observation,observer,observes,observed,observe,observations,observing
layer,layers
purchas,purchase,purchased,purchasing,purchases
engag,engaging,engagement,engage,engaged,engages
oversea,overseas
cultur,culture,cultural,cultures
site,sites
lingeri,lingerie
bead,beads
archiv,archived,archives,archive
motiv,motivated,motivates,motivate,motivating,motivation
substanti,substantially,substantial
incom,incoming,income
revis,revised,revising,revision,revises,revise,revisions
reviv,revived,revive,reviving,revives
uniti,unity
terrorist,terrorists
welcom,welcomed,welcome,welcoming,welcomes
japanes,japanese
parti,party,parties
cross,crossing,crosses,crossed
member,members
obituari,obituaries
speaker,speakers
inch,inches
competit,competitions,competitive,competition
prais,praising,praised,praises,praise
ball,balls
absorb,absorbing,absorbs,absorbed
drink,drinking,drank,drinks,drunk
effect,effected,effective,effecting,effectively,effects,effectiveness
coffe,coffee
strateg,strategic
beij,beijing
student,students
canva,canvas
threesom,threesome
expand,expanding,expanded,expands
cosmet,cosmetics,cosmetic
weld,welding
center,centered,centers
philippin,philippines
colour,colours,colouring,coloured
well,wellness,wells
poultri,poultry
weblog,weblogs
exampl,example,examples
command,commanded,commands,commander,commanding
polym,polymer
choos,chosen,choose,chose,choosing,chooses
undefin,undefined
usual,usually
distanc,distance,distances
paus,paused,pausing,pause,pauses
boot,boots
conferenc,conferencing
obtain,obtained,obtaining,obtains
gun,guns
clinic,clinics,clinical
heavili,heavily
shuttl,shuttle
tone,tones
skill,skills,skilled
simultan,simultaneously
systemat,systematic
demograph,demographic
rapid,rapidly,rapids
thanksgiv,thanksgiving
wed,weddings,wedding
flee,fled,flees,fleeing
verzeichni,verzeichnis
lake,lakes
arrest,arresting,arrests,arrested
add,adding,added,adds
other,others
bibliographi,bibliography
citizen,citizens
introduct,introduction
ski,skiing
kick,kicks,kicking,kicked
royalti,royalty
branch,branches
government,governmental
webpag,webpage
piec,piece,pieces
theolog,theology
realiz,realized,realizing,realize,realizes
know,knowing,known,knew,knows
press,presses,pressing,pressed
realis,realises,realising,realise,realised
password,passwords
boob,boobs
plung,plunging,plunge,plunged,plunges
insert,inserting,inserts,inserted,insertion
resid,resident,residence,residents
like,liked,likes,liking,likely
success,successful,successfully
andal,andale
bibl,bible
corpor,corporations,corporate,corporation
realist,realistic
doctrin,doctrine
beastal,beastality
necessari,necessary
journalist,journalists
lose,losing,lost,loses
chick,chicks
polit,politics,political
candl,candles,candle
page,pages
candi,candy
shed,shedding,sheds
revers,reversing,reversed,reverse,reverses
school,schools
dispatch,dispatched
captur,capture,capturing,captured,captures
church,churches
astrolog,astrology
certain,certainly
batteri,battery,batteries
hondura,honduras
contin,continent
export,exports,exported,exporting
convey,conveying,conveyed,conveys
paradis,paradise
proper,properly
guarante,guarantees,guaranteed,guaranteeing,guarantee
parliamentari,parliamentary
blade,blades
transport,transportation,transports,transporting,transported
registri,registry
shrug,shrugging,shrugs,shrugged
guid,guided,guides,guiding,guide
competitor,competitors
feder,federal,federation
lead,leads,leading,led
avoid,avoids,avoiding,avoided
hwi,hwy
lean,leant,leans,leaning
februari,february
showtim,showtimes
leas,leasing,lease
leap,leapt,leaps,leaping
estim,estimating,estimate,estimated,estimates,estimation
leav,leave,leaves,leaved,leaving
settl,settling,settle,settles,settled
duplic,duplicate
leader,leaders
mode,modes
regain,regained,regaining,regains
encourag,encourages,encourage,encouraging,encouraged
investig,investigated,investigator,investigations,investigate,investigation,investigates,investigating,investigators
obey,obeyed,obeying,obeys
proud,proudly
slight,slightly
journal,journalism,journals
usag,usage
slut,sluts
obes,obesity
paper,papers
host,hosts,hosting,hosted
fleec,fleece
monetari,monetary
refuge,refugees
panel,panels
sister,sisters
quarter,quarterly,quarters
rare,rarely
interven,intervening,intervened,intervene,intervenes
column,columns
documentari,documentary
miner,minerals,mineral
swear,swearing,swears,sworn,swore
disabl,disabled,disabilities,disable,disability
gazett,gazette
own,owning,owned,owns
owe,owed,owing,owes
tortur,torture
domain,domains
automat,automatic,automatically
assess,assessed,assessments,assessing,assessment,assesses
guard,guards,guarding,guarded
receptor,receptors
brush,brushing,brushes,brushed
scanner,scanners
pussi,pussy
browser,browsers
mere,merely
merg,merges,merging,merged,merge
processor,processors
nativ,native
accumul,accumulate,accumulated,accumulates,accumulating
transfer,transfers,transferring,transferred
museum,museums
oasi,oasis
appl,apple
visitor,visitors
ed,eds
function,functioned,functions,functioning,functionality,functional
buy,bought,buying,buys
unexpect,unexpected
granni,granny
brand,brands
subscrib,subscriber,subscribe,subscribers
mutter,muttered,muttering,mutters
wrestl,wrestling
ivori,ivory
grati,gratis
gain,gaining,gained,gains
everyon,everyone
grate,grateful
eas,easing,ease,eased,eases
inlin,inline
eat,ate,eating,eats,eaten
count,counts,counting,counted
veget,vegetable,vegetables,vegetation
seiz,seizing,seizes,seized,seize
murphi,murphy
municip,municipality,municipal
listpric,listprice
record,recorders,recorded,recording,records,recordings,recorder
limit,limitations,limited,limitation,limits,limiting
tini,tiny
glori,glory
cake,cakes
otherwis,otherwise
problem,problems
display,displaying,displayed,displays
anthoni,anthony
evalu,evaluate,evaluated,evaluating,evaluates,evaluations,evaluation
whisper,whispered,whispers,whispering
dure,during
year,yearly,years
filenam,filename
beatl,beatles
water,waters
twist,twists,twisting,twisted
novemb,november
inn,inns
circul,circulating,circulates,circulated,circulation,circulate
jenni,jenny
penni,penny
girl,girls
probabl,probably,probability
automot,automotive
quot,quote,quoting,quoth,quoted,quotes
contest,contests
guidanc,guidance
oak,oaks
detail,detailed,details
virtual,virtually
book,bookings,booked,books,booking
futur,future,futures
rememb,remembering,remembered,remember,remembers
varieti,varieties,variety
hurrican,hurricane
pupil,pupils
stat,stats
repeat,repeated,repeats,repeating
star,stars,starring
potenti,potential,potentially
class,classes
aerospac,aerospace
stay,staying,stayed,stays
staf,staffing
lens,lenses
trackback,trackbacks
gap,gaps
basketbal,basketball
appoint,appointments,appointing,appointment,appointed,appoints
outsourc,outsourcing
scientif,scientific
reliabl,reliable,reliability
rule,rules,ruling,ruled
portion,portions
emerg,emerge,emerging,emergency,emerged,emerges
fifti,fifty
pension,pensions
perhap,perhaps
decemb,december
defend,defends,defending,defendant,defended
simpson,simpsons
richard,richards